body,meeting_date,source_url,local_pdf,local_txt,extraction_method,text_quality,status,notes
select_board,2026-02-11,https://marbleheadma.gov/wp-content/uploads/2026/03/2026-02-11-Select-Board-Minutes-1.pdf,,,none,,pending,
select_board,2026-02-09,https://marbleheadma.gov/wp-content/uploads/2026/03/2026-02-09-Select-Board-Minutes.pdf,,,none,,pending,
select_board,2026-01-28,https://marbleheadma.gov/wp-content/uploads/2026/03/2026-01-28-Select-Board-Minutes.pdf,,,none,,pending,
select_board,2026-01-26,https://marbleheadma.gov/wp-content/uploads/2026/03/2026-01-26-Select-Board-Minutes.pdf,,,none,,pending,
select_board,2026-01-14,https://marbleheadma.gov/wp-content/uploads/2026/02/2026-01-14-Select-Board-Minutes.pdf,,,none,,pending,
select_board,2025-12-10,https://marbleheadma.gov/wp-content/uploads/2025/12/2025-12-10-Select-Board-Minutes.pdf,,,none,,pending,
select_board,2025-12-02,https://marbleheadma.gov/wp-content/uploads/2025/12/2025-12-02-Select-Board-Minutes.pdf,,,none,,pending,
select_board,2025-11-13,https://marbleheadma.gov/wp-content/uploads/2025/11/2025-11-13-Select-Board-Minutes.pdf,,,none,,pending,
select_board,2025-11-05,https://marbleheadma.gov/wp-content/uploads/2025/11/2025-11-05-Select-Board-Minutes.pdf,,,none,,pending,
select_board,2025-10-22,https://marbleheadma.gov/wp-content/uploads/2025/11/2025-10-22-Select-Board-Minutes.pdf,,,none,,pending,
select_board,2025-10-09,https://marbleheadma.gov/wp-content/uploads/2025/10/2025-10-09-Select-Board-Minutes.pdf,,,none,,pending,
select_board,2025-10-01,https://marbleheadma.gov/wp-content/uploads/2025/10/2025-10-01-Select-Board-Minutes.pdf,,,none,,pending,
select_board,2025-09-24,https://marbleheadma.gov/wp-content/uploads/2025/10/2025-09-24-Select-Board-Minutes.pdf,,,none,,pending,
select_board,2025-09-10,https://marbleheadma.gov/wp-content/uploads/2025/10/2025-09-10-Select-Board-Minutes.pdf,,,none,,pending,
select_board,2025-08-28,https://marbleheadma.gov/wp-content/uploads/2025/09/2025-08-28-Select-Board-Minutes.pdf,,,none,,pending,
select_board,2025-08-13,https://marbleheadma.gov/wp-content/uploads/2025/09/2025-08-13-Select-Board-Minutes.pdf,,,none,,pending,
select_board,2025-07-23,https://marbleheadma.gov/wp-content/uploads/2025/09/2025-7-23-Select-Board-minutes.pdf,,,none,,pending,
select_board,2025-07-18,https://marbleheadma.gov/wp-content/uploads/2025/09/2025-7-18-Select-Board-RETREAT-Minutes.pdf,,,none,,pending,
select_board,2025-07-15,https://marbleheadma.gov/wp-content/uploads/2025/09/2025-7-15-Select-Board-minutes.pdf,,,none,,pending,
select_board,2025-07-09,https://marbleheadma.gov/wp-content/uploads/2025/09/2025-7-9-Select-Board-minutes.pdf,,,none,,pending,
select_board,2025-06-25,https://marbleheadma.gov/wp-content/uploads/2025/09/2025-6-25-Select-Board-minutes-.pdf,,,none,,pending,
select_board,2025-06-16,https://marbleheadma.gov/wp-content/uploads/2025/03/2025-06-16-Select-Board-Minutes.pdf,,,none,,pending,
select_board,2025-05-28,https://marbleheadma.gov/wp-content/uploads/2025/03/2025-05-28-Select-Board-Meeting-Minutes.pdf,,,none,,pending,
select_board,2025-05-19,https://marbleheadma.gov/wp-content/uploads/2025/03/2025-05-19-Select-Board-Minutes.pdf,,,none,,pending,
select_board,2025-05-14,https://marbleheadma.gov/wp-content/uploads/2025/03/2025-05-14-Select-Board-Minutes.pdf,,,none,,pending,
select_board,2025-05-06,https://marbleheadma.gov/wp-content/uploads/2025/03/2025-05-06-Select-Board-Minutes.pdf,,,none,,pending,
select_board,2025-05-05,https://marbleheadma.gov/wp-content/uploads/2025/03/2025-05-05-Select-Board-Minutes.pdf,,,none,,pending,
select_board,2024-04-23,https://marbleheadma.gov/wp-content/uploads/2025/03/2024-04-23-Select-Board-Minutes.pdf,,,none,,pending,
select_board,2025-04-09,https://marbleheadma.gov/wp-content/uploads/2025/03/2025-04-09-Select-Board-Meeting-Minutes.pdf,,,none,,pending,
select_board,2025-02-05,https://marbleheadma.gov/wp-content/uploads/2025/04/2025-2-5-Select-Board-Minutes.pdf,,,none,,pending,
select_board,2025-01-22,https://marbleheadma.gov/wp-content/uploads/2025/04/2025-1-22-Select-Board-Minutes.pdf,,,none,,pending,
select_board,2025-01-08,https://marbleheadma.gov/wp-content/uploads/2025/04/2025-1-8-Select-Board-Minutes.pdf,,,none,,pending,
select_board,2024-12-23,https://marbleheadma.gov/wp-content/uploads/2025/04/2024-12-23-Select-Board-Minutes.pdf,,,none,,pending,
select_board,2024-12-11,https://marbleheadma.gov/wp-content/uploads/2025/04/2024-12-11-Select-Board-Minutes.pdf,,,none,,pending,
select_board,2024-12-04,https://marbleheadma.gov/wp-content/uploads/2025/04/2024-12-4-Select-Board-Minutes.pdf,,,none,,pending,
select_board,2024-11-13,https://marbleheadma.gov/wp-content/uploads/2025/04/2024-11-13-Select-Board-Minutes.pdf,,,none,,pending,
select_board,2024-11-04,https://marbleheadma.gov/wp-content/uploads/2025/04/2024-11-4-Select-Board-Minutes.pdf,,,none,,pending,
select_board,2024-10-23,https://marbleheadma.gov/wp-content/uploads/2025/04/2024-10-23-Select-Board-Minutes.pdf,,,none,,pending,
select_board,2024-10-09,https://marbleheadma.gov/wp-content/uploads/2025/04/2024-10-9-Select-Board-Minutes.pdf,,,none,,pending,
select_board,2024-09-25,https://marbleheadma.gov/wp-content/uploads/2025/04/2024-9-25-Select-Board-Minutes.pdf,,,none,,pending,
select_board,2024-09-20,https://marbleheadma.gov/wp-content/uploads/2025/04/2024-9-20-Select-Board-Minutes.pdf,,,none,,pending,
select_board,2024-09-11,https://marbleheadma.gov/wp-content/uploads/2025/04/2024-9-11-Select-Board-Minutes.pdf,,,none,,pending,
select_board,2024-08-24,https://marbleheadma.gov/wp-content/uploads/2025/03/2024-08-24-Select-Board-Meeting-Minutes.pdf,,,none,,pending,
select_board,2024-08-14,https://marbleheadma.gov/wp-content/uploads/2025/04/2024-8-14-Select-Board-Minutes.pdf,,,none,,pending,
select_board,2024-08-02,https://marbleheadma.gov/wp-content/uploads/2025/04/2024-8-2-Select-Board-Minutes.pdf,,,none,,pending,
select_board,2024-07-24,https://marbleheadma.gov/wp-content/uploads/2025/04/2024-7-24-Select-Board-Minutes.pdf,,,none,,pending,
select_board,2024-07-11,https://marbleheadma.gov/wp-content/uploads/2025/04/2024-7-11-Select-Board-Minutes.pdf,,,none,,pending,
select_board,2024-07-10,https://marbleheadma.gov/wp-content/uploads/2025/04/2024-7-10-Select-Board-Minutes.pdf,,,none,,pending,
select_board,2024-06-26,https://marbleheadma.gov/wp-content/uploads/2025/04/2024-6-26-Select-Board-Minutes.pdf,,,none,,pending,
select_board,2024-06-12,https://marbleheadma.gov/wp-content/uploads/2025/04/2024-6-12-Select-Board-Minutes.pdf,,,none,,pending,
select_board,2024-06-05,https://marbleheadma.gov/wp-content/uploads/2025/04/2024-6-5-Select-Board-Minutes.pdf,,,none,,pending,
select_board,2024-05-22,https://marbleheadma.gov/wp-content/uploads/2025/04/2024-5-22-Select-Board-Minutes.pdf,,,none,,pending,
select_board,2024-05-15,https://marbleheadma.gov/wp-content/uploads/2025/04/2024-5-15-Select-Board-Minutes.pdf,,,none,,pending,
select_board,2024-05-09,https://marbleheadma.gov/wp-content/uploads/2025/04/2024-5-9-Select-Board-Minutes.pdf,,,none,,pending,
select_board,2024-05-07,https://marbleheadma.gov/wp-content/uploads/2025/04/2024-5-7-Select-Board-Minutes.pdf,,,none,,pending,
select_board,2024-05-06,https://marbleheadma.gov/wp-content/uploads/2025/04/2024-5-6-Select-Board-Minutes.pdf,,,none,,pending,
select_board,2024-04-24,https://marbleheadma.gov/wp-content/uploads/2025/04/2024-4-24-Select-Board-Minutes.pdf,,,none,,pending,
select_board,2024-04-08,https://marbleheadma.gov/wp-content/uploads/2025/04/2024-4-8-Select-Board-7PM-Minutes-1.pdf,,,none,,pending,
select_board,2024-04-01,https://marbleheadma.gov/wp-content/uploads/2025/04/2024-4-1-Select-Board-Minutes.pdf,,,none,,pending,
select_board,2024-03-29,https://marbleheadma.gov/wp-content/uploads/2025/04/2024-3-29-Select-Board-Minutes.pdf,,,none,,pending,
select_board,2024-03-27,https://marbleheadma.gov/wp-content/uploads/2025/04/2024-3-27-Select-Board-Minutes.pdf,,,none,,pending,
select_board,2024-03-19,https://marbleheadma.gov/wp-content/uploads/2025/04/2024-3-19-Select-Board-Minutes.pdf,,,none,,pending,
select_board,2024-02-07,https://marbleheadma.gov/wp-content/uploads/2025/04/2024-2-7-Select-Board-Minutes.pdf,,,none,,pending,
select_board,2024-01-24,https://marbleheadma.gov/wp-content/uploads/2025/04/2024-1-24-Select-Board-Minutes.pdf,,,none,,pending,
select_board,2024-01-10,https://marbleheadma.gov/wp-content/uploads/2025/04/2024-1-10-Select-Board-Minutes.pdf,,,none,,pending,
select_board,2022-12-21,https://marbleheadma.gov/wp-content/uploads/2025/12/2022-12-21-Select-Board-Minutes.pdf,,,none,,pending,
select_board,2022-12-07,https://marbleheadma.gov/wp-content/uploads/2025/12/2022-12-07-Select-Board-Minutes.pdf,,,none,,pending,
select_board,2022-11-30,https://marbleheadma.gov/wp-content/uploads/2025/12/2022-11-30-Select-Board-Minutes.pdf,,,none,,pending,
select_board,2022-11-16,https://marbleheadma.gov/wp-content/uploads/2025/12/2022-11-16-Select-Board-Minutes.pdf,,,none,,pending,
select_board,2022-11-07,https://marbleheadma.gov/wp-content/uploads/2025/12/2022-11-07-Select-Board-Minutes.pdf,,,none,,pending,
select_board,2022-10-26,https://marbleheadma.gov/wp-content/uploads/2025/12/2022-10-26-Select-Board-Minutes.pdf,,,none,,pending,
select_board,2022-10-12,https://marbleheadma.gov/wp-content/uploads/2025/12/2022-10-12-Select-Board-Minutes.pdf,,,none,,pending,
select_board,2022-09-28,https://marbleheadma.gov/wp-content/uploads/2025/12/2022-09-28-Select-Board-Minutes.pdf,,,none,,pending,
select_board,2022-09-14,https://marbleheadma.gov/wp-content/uploads/2025/12/2022-09-14-Select-Board-Minutes.pdf,,,none,,pending,
select_board,2022-09-01,https://marbleheadma.gov/wp-content/uploads/2025/12/2022-09-01-Select-Board-Minutes.pdf,,,none,,pending,
select_board,2022-08-15,https://marbleheadma.gov/wp-content/uploads/2025/12/2022-08-15-Select-Board-Minutes.pdf,,,none,,pending,
select_board,2022-07-27,https://marbleheadma.gov/wp-content/uploads/2025/12/2022-07-27-Select-Board-Minutes.pdf,,,none,,pending,
select_board,2022-07-13,https://marbleheadma.gov/wp-content/uploads/2025/12/2022-07-13-Select-Board-Minutes.pdf,,,none,,pending,
select_board,2022-06-30,https://marbleheadma.gov/wp-content/uploads/2025/12/2022-06-30-Select-Board-Minutes.pdf,,,none,,pending,
select_board,2022-06-22,https://marbleheadma.gov/wp-content/uploads/2025/12/2022-06-22-Select-Board-Minutes.pdf,,,none,,pending,
select_board,2022-06-15,https://marbleheadma.gov/wp-content/uploads/2025/12/2022-06-15-Select-Board-Minutes.pdf,,,none,,pending,
select_board,2022-05-25,https://marbleheadma.gov/wp-content/uploads/2025/12/2022-05-25-Select-Board-Minutes.pdf,,,none,,pending,
select_board,2022-05-18,https://marbleheadma.gov/wp-content/uploads/2025/12/2022-05-18-Select-Board-Minutes.pdf,,,none,,pending,
select_board,2022-05-11,https://marbleheadma.gov/wp-content/uploads/2025/12/2022-05-11-Select-Board-Minutes.pdf,,,none,,pending,
select_board,2022-04-27,https://marbleheadma.gov/wp-content/uploads/2025/12/2022-04-27-Select-Board-Minutes.pdf,,,none,,pending,
select_board,2022-04-13,https://marbleheadma.gov/wp-content/uploads/2025/12/2022-04-13-Select-Board-Minutes.pdf,,,none,,pending,
select_board,2022-04-11,https://marbleheadma.gov/wp-content/uploads/2025/12/2022-04-11-Select-Board-Minutes.pdf,,,none,,pending,
select_board,2022-04-05,https://marbleheadma.gov/wp-content/uploads/2025/12/2022-04-05-Select-Board-Minutes.pdf,,,none,,pending,
select_board,2022-03-30,https://marbleheadma.gov/wp-content/uploads/2025/12/2022-03-30-Select-Board-Minutes.pdf,,,none,,pending,
select_board,2022-03-16,https://marbleheadma.gov/wp-content/uploads/2025/12/2022-03-16-Select-Board-Minutes.pdf,,,none,,pending,
select_board,2022-03-01,https://marbleheadma.gov/wp-content/uploads/2025/12/2022-03-01-Select-Board-Minutes.pdf,,,none,,pending,
select_board,2022-02-16,https://marbleheadma.gov/wp-content/uploads/2025/12/2022-02-16-Select-Board-Minutes.pdf,,,none,,pending,
select_board,2022-01-31,https://marbleheadma.gov/wp-content/uploads/2025/12/2022-01-31-Select-Board-Minutes.pdf,,,none,,pending,
select_board,2022-01-25,https://marbleheadma.gov/wp-content/uploads/2025/12/2022-01-25-Select-Board-Minutes.pdf,,,none,,pending,
select_board,2022-01-12,https://marbleheadma.gov/wp-content/uploads/2025/12/2022-01-12-Select-Board-Minutes.pdf,,,none,,pending,
select_board,2022-01-10,https://marbleheadma.gov/wp-content/uploads/2025/12/2022-01-10-Select-Board-Minutes.pdf,,,none,,pending,
select_board,2021-12-21,https://marbleheadma.gov/wp-content/uploads/2025/12/2021-12-21-Select-Board-Minutes.pdf,,,none,,pending,
select_board,2021-12-17,https://marbleheadma.gov/wp-content/uploads/2025/12/2021-12-17-Select-Board-Minutes.pdf,,,none,,pending,
select_board,2021-12-08,https://marbleheadma.gov/wp-content/uploads/2025/12/2021-12-08-Select-Board-Minutes.pdf,,,none,,pending,
select_board,2021-11-22,https://marbleheadma.gov/wp-content/uploads/2025/12/2021-11-22-Select-Board-Minutes.pdf,,,none,,pending,
select_board,2021-11-17,https://marbleheadma.gov/wp-content/uploads/2025/12/2021-11-17-Select-Board-Minutes.pdf,,,none,,pending,
select_board,2021-10-07,https://marbleheadma.gov/wp-content/uploads/2025/12/2021-10-07-Select-Board-Minutes.pdf,,,none,,pending,
select_board,2021-10-04,https://marbleheadma.gov/wp-content/uploads/2025/12/2021-10-04-Select-Board-Minutes.pdf,,,none,,pending,
select_board,2021-09-22,https://marbleheadma.gov/wp-content/uploads/2025/12/2021-09-22-Select-Board-Minutes.pdf,,,none,,pending,
select_board,2021-09-08,https://marbleheadma.gov/wp-content/uploads/2025/12/2021-09-08-Select-Board-Minutes.pdf,,,none,,pending,
select_board,2021-09-01,https://marbleheadma.gov/wp-content/uploads/2025/12/2021-09-01-Select-Board-Minutes.pdf,,,none,,pending,
select_board,2021-08-25,https://marbleheadma.gov/wp-content/uploads/2025/12/2021-08-25-Select-Board-Minutes.pdf,,,none,,pending,
select_board,2021-08-20,https://marbleheadma.gov/wp-content/uploads/2025/12/2021-08-20-Select-Board-Minutes.pdf,,,none,,pending,
select_board,2021-08-05,https://marbleheadma.gov/wp-content/uploads/2025/12/2021-08-05-Select-Board-Minutes.pdf,,,none,,pending,
select_board,2021-07-28,https://marbleheadma.gov/wp-content/uploads/2025/12/2021-07-28-Select-Board-Minutes.pdf,,,none,,pending,
select_board,2021-07-23,https://marbleheadma.gov/wp-content/uploads/2025/12/2021-07-23-Select-Board-Minutes.pdf,,,none,,pending,
select_board,2021-07-14,https://marbleheadma.gov/wp-content/uploads/2025/12/2021-07-14-Select-Board-Minutes.pdf,,,none,,pending,
select_board,2021-06-29,https://marbleheadma.gov/wp-content/uploads/2025/12/2021-06-29-Select-Board-Minutes.pdf,,,none,,pending,
select_board,2021-06-23,https://marbleheadma.gov/wp-content/uploads/2025/12/2021-06-23-Select-Board-Minutes.pdf,,,none,,pending,
select_board,2021-06-09,https://marbleheadma.gov/wp-content/uploads/2025/12/2021-06-09-Select-Board-Minutes.pdf,,,none,,pending,
select_board,2021-05-26,https://marbleheadma.gov/wp-content/uploads/2025/12/2021-05-26-Select-Board-Minutes.pdf,,,none,,pending,
select_board,2021-05-17,https://marbleheadma.gov/wp-content/uploads/2025/12/2021-05-17-Select-Board-Minutes.pdf,,,none,,pending,
select_board,2021-05-12,https://marbleheadma.gov/wp-content/uploads/2025/12/2021-05-12-Select-Board-Minutes.pdf,,,none,,pending,
select_board,2021-05-07,https://marbleheadma.gov/wp-content/uploads/2025/12/2021-05-07-Select-Board-Minutes.pdf,,,none,,pending,
select_board,2021-05-03,https://marbleheadma.gov/wp-content/uploads/2025/12/2021-05-03-Select-Board-Minutes.pdf,,,none,,pending,
select_board,2021-04-30,https://marbleheadma.gov/wp-content/uploads/2025/12/2021-04-30-Select-Board-Minutes.pdf,,,none,,pending,
select_board,2021-04-28,https://marbleheadma.gov/wp-content/uploads/2025/12/2021-04-28-Select-Board-Minutes.pdf,,,none,,pending,
select_board,2021-04-22,https://marbleheadma.gov/wp-content/uploads/2025/12/2021-04-22-Select-Board-Minutes.pdf,,,none,,pending,
select_board,2021-04-20,https://marbleheadma.gov/wp-content/uploads/2025/12/2021-04-20-Select-Board-Minutes.pdf,,,none,,pending,
select_board,2021-04-14,https://marbleheadma.gov/wp-content/uploads/2025/12/2021-04-14-Select-Board-Minutes.pdf,,,none,,pending,
select_board,2021-04-07,https://marbleheadma.gov/wp-content/uploads/2025/12/2021-04-07-Select-Board-Minutes.pdf,,,none,,pending,
select_board,2021-03-31,https://marbleheadma.gov/wp-content/uploads/2025/12/2021-03-31-Select-Board-Minutes.pdf,,,none,,pending,
select_board,2021-03-24,https://marbleheadma.gov/wp-content/uploads/2025/12/2021-03-24-Select-Board-Minutes.pdf,,,none,,pending,
select_board,2021-03-10,https://marbleheadma.gov/wp-content/uploads/2025/12/2021-03-10-Select-Board-Minutes.pdf,,,none,,pending,
select_board,2021-02-24,https://marbleheadma.gov/wp-content/uploads/2025/12/2021-02-24-Select-Board-Minutes.pdf,,,none,,pending,
select_board,2021-02-12,https://marbleheadma.gov/wp-content/uploads/2025/12/2021-02-12-Select-Board-Minutes.pdf,,,none,,pending,
select_board,2021-01-27,https://marbleheadma.gov/wp-content/uploads/2025/12/2021-01-27-Select-Board-Minutes.pdf,,,none,,pending,
select_board,2021-01-21,https://marbleheadma.gov/wp-content/uploads/2025/12/2021-01-21-Select-Board-Minutes.pdf,,,none,,pending,
select_board,2021-01-13,https://marbleheadma.gov/wp-content/uploads/2025/12/2021-01-13-Select-Board-Minutes.pdf,,,none,,pending,
select_board,2021-01-05,https://marbleheadma.gov/wp-content/uploads/2025/12/2021-01-05-Select-Board-Minutes.pdf,,,none,,pending,
select_board,2020-12-09,https://marbleheadma.gov/wp-content/uploads/2025/12/2020-12-09-Select-Board-Minutes.pdf,,,none,,pending,
select_board,2020-12-01,https://marbleheadma.gov/wp-content/uploads/2025/12/2020-12-01-Select-Board-Minutes.pdf,,,none,,pending,
select_board,2020-11-23,https://marbleheadma.gov/wp-content/uploads/2025/12/2020-11-23-Select-Board-Minutes.pdf,,,none,,pending,
select_board,2020-11-18,https://marbleheadma.gov/wp-content/uploads/2025/12/2020-11-18-Select-Board-Minutes.pdf,,,none,,pending,
select_board,2020-11-10,https://marbleheadma.gov/wp-content/uploads/2025/12/2020-11-10-Select-Board-Minutes.pdf,,,none,,pending,
select_board,2020-11-04,https://marbleheadma.gov/wp-content/uploads/2025/12/2020-11-04-Select-Board-Minutes.pdf,,,none,,pending,
select_board,2020-10-28,https://marbleheadma.gov/wp-content/uploads/2025/12/2020-10-28-Select-Board-Minutes.pdf,,,none,,pending,
select_board,2020-10-17,https://marbleheadma.gov/wp-content/uploads/2025/12/2020-10-17-Select-Board-Minutes.pdf,,,none,,pending,
select_board,2020-10-14,https://marbleheadma.gov/wp-content/uploads/2025/12/2020-10-14-Select-Board-Minutes.pdf,,,none,,pending,
select_board,2020-10-13,https://marbleheadma.gov/wp-content/uploads/2025/12/2020-10-13-Select-Board-Minutes.pdf,,,none,,pending,
select_board,2020-10-08,https://marbleheadma.gov/wp-content/uploads/2025/12/2020-10-08-Select-Board-Minutes.pdf,,,none,,pending,
select_board,2020-10-01,https://marbleheadma.gov/wp-content/uploads/2025/12/2020-10-01-Select-Board-Minutes.pdf,,,none,,pending,
select_board,2020-09-23,https://marbleheadma.gov/wp-content/uploads/2025/12/2020-09-23-Select-Board-Minutes.pdf,,,none,,pending,
select_board,2020-09-15,https://marbleheadma.gov/wp-content/uploads/2025/12/2020-09-15-Select-Board-Minutes.pdf,,,none,,pending,
select_board,2020-09-02,https://marbleheadma.gov/wp-content/uploads/2025/12/2020-09-02-Select-Board-Minutes.pdf,,,none,,pending,
select_board,2020-08-26,https://marbleheadma.gov/wp-content/uploads/2025/12/2020-08-26-Select-Board-Minutes.pdf,,,none,,pending,
select_board,2020-08-12,https://marbleheadma.gov/wp-content/uploads/2025/12/2020-08-12-Select-Board-Minutes.pdf,,,none,,pending,
select_board,2020-08-06,https://marbleheadma.gov/wp-content/uploads/2025/12/2020-08-06-Select-Board-Minutes.pdf,,,none,,pending,
select_board,2020-07-22,https://marbleheadma.gov/wp-content/uploads/2025/12/2020-07-22-Select-Board-Minutes.pdf,,,none,,pending,
select_board,2020-07-16,https://marbleheadma.gov/wp-content/uploads/2025/12/2020-07-16-Select-Board-Minutes.pdf,,,none,,pending,
select_board,2020-07-09,https://marbleheadma.gov/wp-content/uploads/2025/12/2020-07-09-Select-Board-Minutes.pdf,,,none,,pending,
select_board,2020-07-08,https://marbleheadma.gov/wp-content/uploads/2025/12/2020-07-08-Select-Board-Minutes.pdf,,,none,,pending,
select_board,2020-06-29,https://marbleheadma.gov/wp-content/uploads/2025/12/2020-06-29-Select-Board-Minutes.pdf,,,none,,pending,
select_board,2020-06-26,https://marbleheadma.gov/wp-content/uploads/2025/12/2020-06-26-Select-Board-Minutes.pdf,,,none,,pending,
select_board,2020-06-24,https://marbleheadma.gov/wp-content/uploads/2025/12/2020-06-24-Select-Board-Minutes.pdf,,,none,,pending,
select_board,2020-06-22,https://marbleheadma.gov/wp-content/uploads/2025/12/2020-06-22-Select-Board-Minutes-Warrant-Hearing.pdf,,,none,,pending,
select_board,2020-06-18,https://marbleheadma.gov/wp-content/uploads/2025/12/2020-06-18-Select-Board-Minutes.pdf,,,none,,pending,
select_board,2020-06-17,https://marbleheadma.gov/wp-content/uploads/2025/12/2020-06-17-Select-Board-Minutes.pdf,,,none,,pending,
select_board,2020-06-15,https://marbleheadma.gov/wp-content/uploads/2025/12/2020-06-15-Select-Board-Minutes.pdf,,,none,,pending,
select_board,2020-06-11,https://marbleheadma.gov/wp-content/uploads/2025/12/2020-06-11-Select-Board-Minutes.pdf,,,none,,pending,
select_board,2020-06-10,https://marbleheadma.gov/wp-content/uploads/2025/12/2020-06-10-Select-Board-Minutes.pdf,,,none,,pending,
select_board,2020-05-21,https://marbleheadma.gov/wp-content/uploads/2025/12/2020-05-21-Select-Board-Minutes.pdf,,,none,,pending,
select_board,2020-05-14,https://marbleheadma.gov/wp-content/uploads/2025/12/2020-05-14-Select-Board-Minutes.pdf,,,none,,pending,
select_board,2020-05-13,https://marbleheadma.gov/wp-content/uploads/2025/12/2020-05-13-Select-Board-Minutes.pdf,,,none,,pending,
select_board,2020-05-04,https://marbleheadma.gov/wp-content/uploads/2025/12/2020-05-04-Select-Board-Minutes.pdf,,,none,,pending,
select_board,2020-04-22,https://marbleheadma.gov/wp-content/uploads/2025/12/2020-04-22-Select-Board-Minutes.pdf,,,none,,pending,
select_board,2020-04-07,https://marbleheadma.gov/wp-content/uploads/2025/12/2020-04-07-Select-Board-Minutes.pdf,,,none,,pending,
select_board,2020-03-26,https://marbleheadma.gov/wp-content/uploads/2025/12/2020-03-26-Select-Board-Minutes.pdf,,,none,,pending,
select_board,2020-03-23,https://marbleheadma.gov/wp-content/uploads/2025/12/2020-03-23-Select-Board-Minutes.pdf,,,none,,pending,
select_board,2020-03-17,https://marbleheadma.gov/wp-content/uploads/2025/12/2020-03-17-Select-Board-Minutes.pdf,,,none,,pending,
select_board,2020-03-11,https://marbleheadma.gov/wp-content/uploads/2025/12/2020-03-11-Select-Board-Minutes.pdf,,,none,,pending,
select_board,2020-02-12,https://marbleheadma.gov/wp-content/uploads/2025/12/2020-02-12-Select-Board-Minutes.pdf,,,none,,pending,
select_board,2020-02-03,https://marbleheadma.gov/wp-content/uploads/2025/12/2020-02-03-Select-Board-Minutes.pdf,,,none,,pending,
select_board,2020-01-08,https://marbleheadma.gov/wp-content/uploads/2025/12/2020-01-08-Select-Board-Minutes.pdf,,,none,,pending,
select_board,2019-12-19,https://marbleheadma.gov/wp-content/uploads/2025/12/2019-12-19-Select-Board-Minutes.pdf,,,none,,pending,
select_board,2019-12-11,https://marbleheadma.gov/wp-content/uploads/2025/12/2019-12-11-Select-Board-Minutes.pdf,,,none,,pending,
select_board,2019-11-20,https://marbleheadma.gov/wp-content/uploads/2025/12/2019-11-20-Select-Board-Minutes.pdf,,,none,,pending,
select_board,2019-11-14,https://marbleheadma.gov/wp-content/uploads/2025/12/2019-11-14-Select-Board-Minutes.pdf,,,none,,pending,
select_board,2019-10-30,https://marbleheadma.gov/wp-content/uploads/2025/12/2019-10-30-Select-Board-Minutes.pdf,,,none,,pending,
select_board,2019-10-16,https://marbleheadma.gov/wp-content/uploads/2025/12/2019-10-16-Select-Board-Minutes.pdf,,,none,,pending,
select_board,2019-10-03,https://marbleheadma.gov/wp-content/uploads/2025/12/2019-10-03-Select-Board-Minutes.pdf,,,none,,pending,
select_board,2019-09-25,https://marbleheadma.gov/wp-content/uploads/2025/12/2019-09-25-Select-Board-Minutes.pdf,,,none,,pending,
select_board,2019-09-18,https://marbleheadma.gov/wp-content/uploads/2025/12/2019-09-18-Select-Board-Minutes.pdf,,,none,,pending,
select_board,2019-09-11,https://marbleheadma.gov/wp-content/uploads/2025/12/2019-09-11-Select-Board-Minutes.pdf,,,none,,pending,
select_board,2019-09-03,https://marbleheadma.gov/wp-content/uploads/2025/12/2019-09-03-Select-Board-Minutes.pdf,,,none,,pending,
select_board,2019-08-21,https://marbleheadma.gov/wp-content/uploads/2025/12/2019-08-21-Select-Board-Minutes.pdf,,,none,,pending,
select_board,2019-07-24,https://marbleheadma.gov/wp-content/uploads/2025/12/2019-07-24-Select-Board-Minutes.pdf,,,none,,pending,
select_board,2019-07-22,https://marbleheadma.gov/wp-content/uploads/2025/12/2019-07-22-Select-Board-Minutes.pdf,,,none,,pending,
select_board,2019-06-26,https://marbleheadma.gov/wp-content/uploads/2025/12/2019-06-26-Select-Board-Minutes.pdf,,,none,,pending,
select_board,2019-06-24,https://marbleheadma.gov/wp-content/uploads/2025/12/2019-06-24-Select-Board-Minutes.pdf,,,none,,pending,
select_board,2019-06-12,https://marbleheadma.gov/wp-content/uploads/2025/12/2019-06-12-Select-Board-Minutes.pdf,,,none,,pending,
select_board,2019-06-04,https://marbleheadma.gov/wp-content/uploads/2025/12/2019-06-04-Select-Board-Minutes.pdf,,,none,,pending,
select_board,2019-05-15,https://marbleheadma.gov/wp-content/uploads/2025/12/2019-05-15-Select-Board-Minutes.pdf,,,none,,pending,
select_board,2019-05-13,https://marbleheadma.gov/wp-content/uploads/2025/12/2019-05-13-Select-Board-Minutes.pdf,,,none,,pending,
select_board,2019-05-07,https://marbleheadma.gov/wp-content/uploads/2025/12/2019-05-07-Select-Board-Minutes.pdf,,,none,,pending,
select_board,2019-05-06,https://marbleheadma.gov/wp-content/uploads/2025/12/2019-05-06-Select-Board-Minutes.pdf,,,none,,pending,
select_board,2019-05-01,https://marbleheadma.gov/wp-content/uploads/2025/12/2019-05-01-Select-Board-Minutes.pdf,,,none,,pending,
select_board,2019-04-24,https://marbleheadma.gov/wp-content/uploads/2025/12/2019-04-24-Select-Board-Minutes.pdf,,,none,,pending,
select_board,2019-04-10,https://marbleheadma.gov/wp-content/uploads/2025/12/2019-04-10-Select-Board-Minutes.pdf,,,none,,pending,
select_board,2019-04-04,https://marbleheadma.gov/wp-content/uploads/2025/12/2019-04-04-Select-Board-Minutes.pdf,,,none,,pending,
select_board,2019-03-25,https://marbleheadma.gov/wp-content/uploads/2025/12/2019-03-25-Select-Board-Minutes.pdf,,,none,,pending,
select_board,2019-03-22,https://marbleheadma.gov/wp-content/uploads/2025/12/2019-03-22-Select-Board-Minutes.pdf,,,none,,pending,
select_board,2019-03-18,https://marbleheadma.gov/wp-content/uploads/2025/12/2019-03-18-Select-Board-Minutes.pdf,,,none,,pending,
select_board,2019-03-01,https://marbleheadma.gov/wp-content/uploads/2025/12/2019-03-01-Select-Board-Minutes.pdf,,,none,,pending,
select_board,2019-02-27,https://marbleheadma.gov/wp-content/uploads/2025/12/2019-02-27-Select-Board-Minutes.pdf,,,none,,pending,
select_board,2019-02-13,https://marbleheadma.gov/wp-content/uploads/2025/12/2019-02-13-Select-Board-Minutes.pdf,,,none,,pending,
select_board,2019-02-07,https://marbleheadma.gov/wp-content/uploads/2025/12/2019-02-07-Select-Board-Minutes.pdf,,,none,,pending,
select_board,2019-01-29,https://marbleheadma.gov/wp-content/uploads/2025/12/2019-01-29-Select-Board-Minutes.pdf,,,none,,pending,
select_board,2019-01-23,https://marbleheadma.gov/wp-content/uploads/2025/12/2019-01-23-Select-Board-Minutes.pdf,,,none,,pending,
select_board,2019-01-17,https://marbleheadma.gov/wp-content/uploads/2025/12/2019-01-17-Select-Board-Minutes.pdf,,,none,,pending,
select_board,2019-01-15,https://marbleheadma.gov/wp-content/uploads/2025/12/2019-01-15-Select-Board-Minutes.pdf,,,none,,pending,
select_board,2019-01-09,https://marbleheadma.gov/wp-content/uploads/2025/12/2019-01-09-Select-Board-Minutes.pdf,,,none,,pending,
select_board,2018-12-19,https://marbleheadma.gov/wp-content/uploads/2025/12/2018-12-19-Select-Board-Minutes.pdf,,,none,,pending,
select_board,2018-12-12,https://marbleheadma.gov/wp-content/uploads/2025/12/2018-12-12-Select-Board-Minutes.pdf,,,none,,pending,
select_board,2018-12-04,https://marbleheadma.gov/wp-content/uploads/2025/12/2018-12-04-Select-Board-Minutes.pdf,,,none,,pending,
select_board,2018-11-20,https://marbleheadma.gov/wp-content/uploads/2025/12/2018-11-20-Select-Board-Minutes.pdf,,,none,,pending,
select_board,2018-11-14,https://marbleheadma.gov/wp-content/uploads/2025/12/2018-11-14-Select-Board-Minutes.pdf,,,none,,pending,
select_board,2018-10-30,https://marbleheadma.gov/wp-content/uploads/2025/12/2018-10-30-Select-Board-Minutes.pdf,,,none,,pending,
select_board,2018-10-24,https://marbleheadma.gov/wp-content/uploads/2025/12/2018-10-24-Select-Board-Minutes.pdf,,,none,,pending,
select_board,2018-10-17,https://marbleheadma.gov/wp-content/uploads/2025/12/2018-10-17-Select-Board-Minutes.pdf,,,none,,pending,
select_board,2018-10-10,https://marbleheadma.gov/wp-content/uploads/2025/12/2018-10-10-Select-Board-Minutes.pdf,,,none,,pending,
select_board,2018-10-03,https://marbleheadma.gov/wp-content/uploads/2025/12/2018-10-03-Select-Board-Minutes.pdf,,,none,,pending,
select_board,2018-09-26,https://marbleheadma.gov/wp-content/uploads/2025/12/2018-09-26-Select-Board-Minutes.pdf,,,none,,pending,
select_board,2018-09-12,https://marbleheadma.gov/wp-content/uploads/2025/12/2018-09-12-Select-Board-Minutes.pdf,,,none,,pending,
select_board,2018-09-06,https://marbleheadma.gov/wp-content/uploads/2025/12/2018-09-06-Select-Board-Minutes.pdf,,,none,,pending,
select_board,2018-08-22,https://marbleheadma.gov/wp-content/uploads/2025/12/2018-08-22-Select-Board-Minutes.pdf,,,none,,pending,
select_board,2018-07-23,https://marbleheadma.gov/wp-content/uploads/2025/12/2018-07-23-Select-Board-Minutes.pdf,,,none,,pending,
select_board,2018-07-18,https://marbleheadma.gov/wp-content/uploads/2025/12/2018-07-18-Select-Board-Minutes.pdf,,,none,,pending,
select_board,2018-07-02,https://marbleheadma.gov/wp-content/uploads/2025/12/2018-07-02-Select-Board-Minutes.pdf,,,none,,pending,
school_committee,2026-02-13,https://resources.finalsite.net/images/v1773772039/marbleheadschoolsorg/mnbn4dk4tvqwsj3bhuzb/SCminutes-2_13_26FacilitiesSubcommittee1.pdf,,,none,,pending,
school_committee,2026-01-15,https://resources.finalsite.net/images/v1770322343/marbleheadschoolsorg/uhwmekcbbtnxsk0brxbh/SchoolCommitteeMinutes1-15-26.pdf,,,none,,pending,
school_committee,2026-01-06,https://resources.finalsite.net/images/v1769778839/marbleheadschoolsorg/mn2aa25s9dtc0v5f4scx/1_6_26approvedTBudgetSubcommitteeMinutes.pdf,,,none,,pending,
school_committee,2025-12-18,https://resources.finalsite.net/images/v1770324291/marbleheadschoolsorg/es9os9umqrksuvwdn2pe/SchoolCommitteeMinutes12-18-25.pdf,,,none,,pending,
school_committee,2025-12-01,https://resources.finalsite.net/images/v1769002679/marbleheadschoolsorg/x3ylgnayv08r92qdqjmv/12_1_25BudgetSubcommitteeMinutes.pdf,,,none,,pending,
school_committee,2025-11-20,https://resources.finalsite.net/images/v1770324261/marbleheadschoolsorg/rrmisjskju5il3i6pyyz/SchoolCommitteeMinutes11-20-25.pdf,,,none,,pending,
school_committee,2025-11-06,https://resources.finalsite.net/images/v1770324212/marbleheadschoolsorg/hbrhsxcenhkwr9bipzo5/SchoolCommitteeMinutes11-6-25.pdf,,,none,,pending,
school_committee,2025-11-05,https://resources.finalsite.net/images/v1773772163/marbleheadschoolsorg/bxdxwyev0ltqknovdyyz/SCminutes-11_5_25FacilitiesSubcommittee1.pdf,,,none,,pending,
school_committee,2025-11-17,https://resources.finalsite.net/images/v1769002679/marbleheadschoolsorg/xjocfikhsyur6zbdxnw8/111725BudgetSubcommitteeminutes.pdf,,,none,,pending,
school_committee,2025-10-30,https://resources.finalsite.net/images/v1770324172/marbleheadschoolsorg/evycuh3jtirjbl9bukqz/SchoolCommitteeMinutes10-30-25.pdf,,,none,,pending,
school_committee,2025-10-23,https://resources.finalsite.net/images/v1770042920/marbleheadschoolsorg/zbgqaey4ava0gwpace4h/DRAFT10_23_23PolicyMinutesdocx1_1.pdf,,,none,,pending,
school_committee,2025-10-17,https://resources.finalsite.net/images/v1769002679/marbleheadschoolsorg/pksykueonhbimoflh5ex/10_17_25BudgetSubcommitteeMinutes.pdf,,,none,,pending,
school_committee,2025-10-15,https://resources.finalsite.net/images/v1770324131/marbleheadschoolsorg/lsbhfrfli8f52uh7zuqp/SchoolCommitteeMinutes10-15-30.pdf,,,none,,pending,
school_committee,2025-09-30,https://resources.finalsite.net/images/v1770323522/marbleheadschoolsorg/yvydgovonnntedmnz6cy/SchoolCommitteeMinutes9-30-25.pdf,,,none,,pending,
school_committee,2025-09-18,https://resources.finalsite.net/images/v1770323462/marbleheadschoolsorg/xp2crvmjyzhscor7jk2j/SchoolCommitteeMinutes9-18-25.pdf,,,none,,pending,
school_committee,2025-09-04,https://resources.finalsite.net/images/v1770323369/marbleheadschoolsorg/yfe2zijx8ngqxalgoftz/SchoolCommitteeMinutes9-4-25.pdf,,,none,,pending,
school_committee,2025-09-05,https://resources.finalsite.net/images/v1773772099/marbleheadschoolsorg/rdnoutavzafjvtswgehp/SCminutes-9_5_25FacilitiesSubcommittee1.pdf,,,none,,pending,
school_committee,2025-08-28,https://resources.finalsite.net/images/v1770042349/marbleheadschoolsorg/mwmmshjxiymvqp6cqtz3/MSCPolicySubcomittee8_28_25docx.pdf,,,none,,pending,
school_committee,2025-08-21,https://resources.finalsite.net/images/v1758897074/marbleheadschoolsorg/ptivpbnanyb7zykpbd6v/8212025_Minutes.pdf,,,none,,pending,
school_committee,2025-08-07,https://resources.finalsite.net/images/v1758897038/marbleheadschoolsorg/jmyj253xaaych8p2g04b/872025_Minutes.pdf,,,none,,pending,
school_committee,2025-08-04,https://resources.finalsite.net/images/v1758896988/marbleheadschoolsorg/txmuvpbj4fvwqlrnkt57/842025_Minutes.pdf,,,none,,pending,
school_committee,2025-07-24,https://resources.finalsite.net/images/v1773771966/marbleheadschoolsorg/mu7arqhkjquayxneajte/72425facsubminutes.pdf,,,none,,pending,
school_committee,2025-07-31,https://resources.finalsite.net/images/v1770324085/marbleheadschoolsorg/ululjh3s1q0dehql4p8b/SchoolCommitteeMinutes7-31-25.pdf,,,none,,pending,
school_committee,2025-07-02,https://resources.finalsite.net/images/v1770322881/marbleheadschoolsorg/jke5ltolwdauqczglk1o/SchoolCommitteeMinutes7-2-25.pdf,,,none,,pending,
school_committee,2025-01-23,https://resources.finalsite.net/images/v1741690311/marbleheadschoolsorg/d9ncffbuktod0qqj5xv1/Record_of_the_Marblehead_School_Committee_Meeting-012325.pdf,,,none,,pending,
school_committee,2025-01-09,https://resources.finalsite.net/images/v1741690312/marbleheadschoolsorg/jodaxbctjzwvlqooauu1/Record_of_the_Marblehead_School_Committee_Meeting-010925.pdf,,,none,,pending,
school_committee,2024-12-19,https://resources.finalsite.net/images/v1741690313/marbleheadschoolsorg/j22ljqbvqoxzcsqe8zqn/20250110085351067.pdf,,,none,,pending,
school_committee,2024-12-05,https://resources.finalsite.net/images/v1741690314/marbleheadschoolsorg/k1s3jtp0rkekbqdsy5gu/20250110085342391.pdf,,,none,,pending,
school_committee,2024-10-17,https://resources.finalsite.net/images/v1741690315/marbleheadschoolsorg/zsxmytanta0qantpxsxq/Minutes_10172024.pdf,,,none,,pending,
school_committee,2024-09-19,https://resources.finalsite.net/images/v1741690316/marbleheadschoolsorg/khh6ptd54dntzq6ykqjm/Minutes_91924.pdf,,,none,,pending,
school_committee,2024-07-15,https://resources.finalsite.net/images/v1741690317/marbleheadschoolsorg/z4kxbcsrof7mzom8lnaz/Record_of_the_Marblehead_School_Committee_Meeting-071524docx.pdf,,,none,,pending,
school_committee,2024-06-20,https://resources.finalsite.net/images/v1741690318/marbleheadschoolsorg/k1eyuxtszfickob7xcd8/Minutes_from_-062024docx.pdf,,,none,,pending,
school_committee,2024-01-18,https://resources.finalsite.net/images/v1741690168/marbleheadschoolsorg/kxfhsqpf60zbqtvf2omq/11824_agenda_and_minutes.pdf,,,none,,pending,
school_committee,2024-05-16,https://resources.finalsite.net/images/v1741690197/marbleheadschoolsorg/tvcump1unmleu35zaxrn/SC_Minutes_5162024.pdf,,,none,,pending,
school_committee,2024-05-10,https://resources.finalsite.net/images/v1741690198/marbleheadschoolsorg/dyxfirbbq0aqfkpjfglx/SC_Minutes_5102024.pdf,,,none,,pending,
school_committee,2024-05-01,https://resources.finalsite.net/images/v1741690199/marbleheadschoolsorg/jz3au7vxajwmixwdf8ux/SC_Minutes_512024.pdf,,,none,,pending,
school_committee,2024-04-25,https://resources.finalsite.net/images/v1741690199/marbleheadschoolsorg/m30ir82ife6lr035gkpg/SC_Minutes_4252024.pdf,,,none,,pending,
school_committee,2024-04-01,https://resources.finalsite.net/images/v1741690200/marbleheadschoolsorg/qf8klthnzdyybkymrmsz/SC_Minutes_412024.pdf,,,none,,pending,
school_committee,2024-01-04,https://resources.finalsite.net/images/v1741690203/marbleheadschoolsorg/jkvelx51upojjjx3c46l/minutes_14.pdf,,,none,,pending,
school_committee,2023-10-11,https://resources.finalsite.net/images/v1741690203/marbleheadschoolsorg/ulwu9qcsxh2n48xztqce/SC_Minutes_101123.pdf,,,none,,pending,
school_committee,2023-10-19,https://resources.finalsite.net/images/v1741690204/marbleheadschoolsorg/s20klrk4ee2djo48pbxl/MINUTES_COMING_SOONdocx_8.pdf,,,none,,pending,
school_committee,2023-10-02,https://resources.finalsite.net/images/v1741690205/marbleheadschoolsorg/iuvrftvoa1a2gbe1qaxe/MINUTES_COMING_SOONdocx_9.pdf,,,none,,pending,
school_committee,2023-10-05,https://resources.finalsite.net/images/v1741690206/marbleheadschoolsorg/guhyeg1dbiy1epbhkpfw/SC_Minutes_100523.pdf,,,none,,pending,
school_committee,2023-11-16,https://resources.finalsite.net/images/v1741690207/marbleheadschoolsorg/hoo8y6kii4c1nsuyzufb/20240312111600436.pdf,,,none,,pending,
school_committee,2023-11-02,https://resources.finalsite.net/images/v1741690208/marbleheadschoolsorg/nuea0u9u7hzedrid8otz/1122023.pdf,,,none,,pending,
school_committee,2023-12-07,https://resources.finalsite.net/images/v1741690210/marbleheadschoolsorg/xvwpnaqclt4heildebsk/1272023.pdf,,,none,,pending,
school_committee,2024-02-01,https://resources.finalsite.net/images/v1741690211/marbleheadschoolsorg/uuty6gebktxxdlyyi9bl/Minutes_212024.pdf,,,none,,pending,
school_committee,2024-02-15,https://resources.finalsite.net/images/v1741690212/marbleheadschoolsorg/neyupho1rwvbsv5axohr/SC_Minutes_2152024.pdf,,,none,,pending,
school_committee,2024-03-07,https://resources.finalsite.net/images/v1741690213/marbleheadschoolsorg/npprtjkk56zkckj1l2c3/372024_minutes.pdf,,,none,,pending,
school_committee,2023-07-21,https://resources.finalsite.net/images/v1741690214/marbleheadschoolsorg/z2b0hf86ltglvcug7mcz/7212023_Executive_Session_Minutes.pdf,,,none,,pending,
school_committee,2023-07-26,https://resources.finalsite.net/images/v1741690215/marbleheadschoolsorg/pcp9fqcnkmumhyyxagig/SC_Minutes_72623.pdf,,,none,,pending,
school_committee,2023-07-31,https://resources.finalsite.net/images/v1741690216/marbleheadschoolsorg/xvaqkjrgsmholafntobh/7312023_Executive_Session_Minutes.pdf,,,none,,pending,
school_committee,2023-07-06,https://resources.finalsite.net/images/v1741690217/marbleheadschoolsorg/avrdpjkt2mqgqh8dv0zh/2023762023-Minutes-Voted_1052023.pdf,,,none,,pending,
school_committee,2023-08-11,https://resources.finalsite.net/images/v1741690218/marbleheadschoolsorg/awg8yzuqz265ifxhh9xh/SC_Minutes_81123.pdf,,,none,,pending,
school_committee,2023-08-18,https://resources.finalsite.net/images/v1741690219/marbleheadschoolsorg/qgtodwu5z7vcbaclow1v/MINUTES_COMING_SOONdocx_10.pdf,,,none,,pending,
school_committee,2023-08-24,https://resources.finalsite.net/images/v1741690219/marbleheadschoolsorg/lsce6arjsaayhjqb3ayy/Meeting_Minutes_82423.pdf,,,none,,pending,
school_committee,2023-09-18,https://resources.finalsite.net/images/v1741690221/marbleheadschoolsorg/ljca68ckzufg2ozh80r0/MINUTES_COMING_SOONdocx_11.pdf,,,none,,pending,
school_committee,2023-09-20,https://resources.finalsite.net/images/v1741690222/marbleheadschoolsorg/jzfmos2tbjoui6kaor9o/MINUTES_COMING_SOONdocx_12.pdf,,,none,,pending,
school_committee,2023-09-21,https://resources.finalsite.net/images/v1741690223/marbleheadschoolsorg/uhnelpokeczckzvriyen/SC_Minutes_92123.pdf,,,none,,pending,
school_committee,2023-09-27,https://resources.finalsite.net/images/v1741690224/marbleheadschoolsorg/mcmnw6nvvfgxzudjfkjp/SC_Minutes_9723.pdf,,,none,,pending,
school_committee,2023-09-07,https://resources.finalsite.net/images/v1741690225/marbleheadschoolsorg/gzuzbhqx7tcwdvpx1ext/SC_Minutes_9723_1.pdf,,,none,,pending,
school_committee,2023-06-29,https://resources.finalsite.net/images/v1741690041/marbleheadschoolsorg/blvnntaystcvnvihkpr7/2023629-Minutes-Voted_8112023.pdf,,,none,,pending,
school_committee,2023-06-15,https://resources.finalsite.net/images/v1741690042/marbleheadschoolsorg/rejwkgud2ykcftxuy324/2023615-Minutes-Voted_8112023.pdf,,,none,,pending,
school_committee,2023-06-06,https://resources.finalsite.net/images/v1741690043/marbleheadschoolsorg/ylkryfvffzvw2vo7jejf/202366-Minutes-Voted_61523.pdf,,,none,,pending,
school_committee,2023-06-01,https://resources.finalsite.net/images/v1741690045/marbleheadschoolsorg/adszsx5shvaoimtq3z27/202361-Minutes-Voted_61523.pdf,,,none,,pending,
school_committee,2023-05-18,https://resources.finalsite.net/images/v1741690045/marbleheadschoolsorg/xynysnhcmxlc3gmjeihn/2023518-Minutes-Voted_61523.pdf,,,none,,pending,
school_committee,2023-04-27,https://resources.finalsite.net/images/v1741690047/marbleheadschoolsorg/aioynpxicfnnlbmcmbis/2023427_Minutes-Appd_51823.pdf,,,none,,pending,
school_committee,2023-04-06,https://resources.finalsite.net/images/v1741690048/marbleheadschoolsorg/bjajokiljpycemgnykio/202346_Minutes-Voted_4272023.pdf,,,none,,pending,
school_committee,2023-03-27,https://resources.finalsite.net/images/v1741690049/marbleheadschoolsorg/e0plkbxqbkz6ss7w3udr/2023327-Budget_Vote_Minutes-voted_462023.pdf,,,none,,pending,
school_committee,2023-03-21,https://resources.finalsite.net/images/v1741690050/marbleheadschoolsorg/oepshiapxuhc1qyqe866/2023321-Budget_Hearing_Minutes-Voted_462023.pdf,,,none,,pending,
school_committee,2023-03-16,https://resources.finalsite.net/images/v1741690051/marbleheadschoolsorg/opqvt04v72uozu8dgaxg/MINUTES_COMING_SOONdocx_6.pdf,,,none,,pending,
school_committee,2023-03-13,https://resources.finalsite.net/images/v1741690052/marbleheadschoolsorg/e1magxvrzytsqo9cnwit/2023313_Minutes-Voted_3162023.pdf,,,none,,pending,
school_committee,2023-03-02,https://resources.finalsite.net/images/v1741690053/marbleheadschoolsorg/exyw12fwdvtef7uhuo6f/202332_Minutes-Voted_3162023_.pdf,,,none,,pending,
school_committee,2023-02-16,https://resources.finalsite.net/images/v1741690053/marbleheadschoolsorg/dky9uyhqewmzrwwtuxt8/2023216_Minutes-Voted_3162023.pdf,,,none,,pending,
school_committee,2023-02-13,https://resources.finalsite.net/images/v1741690055/marbleheadschoolsorg/qpjsewawfs4zok2a478w/2023213_Minutes-voted_322023_.pdf,,,none,,pending,
school_committee,2023-01-30,https://resources.finalsite.net/images/v1741690057/marbleheadschoolsorg/lfjyv6ekj42e0mz0rq3p/2023130_Budget_Workshop_Minutes-voted_322023.pdf,,,none,,pending,
school_committee,2023-01-23,https://resources.finalsite.net/images/v1741690057/marbleheadschoolsorg/vqzf1ef741rjbawxqbow/2023123-Minutes__voted_322023.pdf,,,none,,pending,
school_committee,2023-01-05,https://resources.finalsite.net/images/v1741690058/marbleheadschoolsorg/zf9bjor47r9phrocwpqy/202315_Minutes-Voted_2162023.pdf,,,none,,pending,
school_committee,2022-12-15,https://resources.finalsite.net/images/v1741690060/marbleheadschoolsorg/okgn0mxpwoas05mfuwwx/12152022_Minutes-Voted__2162023.pdf,,,none,,pending,
school_committee,2022-12-01,https://resources.finalsite.net/images/v1741690061/marbleheadschoolsorg/mpeftv8vkqpp1xosqeva/1212022_Minutes-Voted_152023.pdf,,,none,,pending,
school_committee,2022-11-17,https://resources.finalsite.net/images/v1741690062/marbleheadschoolsorg/hhlpj5pvvvn2mwuk72ib/11172022_Minutes-Voted_152023.pdf,,,none,,pending,
school_committee,2022-11-10,https://resources.finalsite.net/images/v1741690063/marbleheadschoolsorg/kjsfqaj89loo8pkix2rt/20221110-_Forum_Minutes-Voted_462023.pdf,,,none,,pending,
school_committee,2022-11-01,https://resources.finalsite.net/images/v1741690064/marbleheadschoolsorg/nzgpnkc6ii4ijolawitr/MINUTES_COMING_SOONdocx_7.pdf,,,none,,pending,
school_committee,2022-10-20,https://resources.finalsite.net/images/v1741690065/marbleheadschoolsorg/ifvu2xxtukb82h2b2xo9/10202022_Minutes-Voted_11172022.pdf,,,none,,pending,
school_committee,2022-10-06,https://resources.finalsite.net/images/v1741690066/marbleheadschoolsorg/ca9glzxjrkwt958xsyfw/1062022_Minutes-Voted_10202022doc.pdf,,,none,,pending,
school_committee,2022-09-22,https://resources.finalsite.net/images/v1741690067/marbleheadschoolsorg/hzjscme76h3onbwoy8wy/9222022_Minutes-Voted_1062022doc.pdf,,,none,,pending,
school_committee,2022-09-07,https://resources.finalsite.net/images/v1741690068/marbleheadschoolsorg/pr4kgkyavrakwspjxnxl/972022_SC_Minutes-Voted_1062022doc.pdf,,,none,,pending,
school_committee,2022-08-29,https://resources.finalsite.net/images/v1741690069/marbleheadschoolsorg/j1rqo9nkv0xnzszktcrj/8292022-Minutes-Voted_9222022docx.pdf,,,none,,pending,
school_committee,2022-07-19,https://resources.finalsite.net/images/v1741690070/marbleheadschoolsorg/ocuaar6akofr4rtbpkwh/7192022_Minutes-Voted_9222022docx.pdf,,,none,,pending,
school_committee,2022-06-23,https://resources.finalsite.net/images/v1741690010/marbleheadschoolsorg/ca83zytqth82yrsvuz5n/MINUTES_COMING_SOONdocx.pdf,,,none,,pending,
school_committee,2022-06-16,https://resources.finalsite.net/images/v1741690011/marbleheadschoolsorg/uoozqvztw6hozaysk4ya/MINUTES_COMING_SOONdocx_1.pdf,,,none,,pending,
school_committee,2022-06-13,https://resources.finalsite.net/images/v1741690012/marbleheadschoolsorg/wnjpxl17hl90ywcv54qz/MINUTES_COMING_SOONdocx_2.pdf,,,none,,pending,
school_committee,2022-06-02,https://resources.finalsite.net/images/v1741690013/marbleheadschoolsorg/t3ln8x9j4xljovzagem1/MINUTES_COMING_SOONdocx_3.pdf,,,none,,pending,
school_committee,2022-05-19,https://resources.finalsite.net/images/v1741690014/marbleheadschoolsorg/gzlym8nyumhtdaldf4ha/2022519-Minutes_Voted_6232022.pdf,,,none,,pending,
school_committee,2022-05-05,https://resources.finalsite.net/images/v1741690015/marbleheadschoolsorg/skqv80belxrz5hz4fkzo/552022_Minutes_Voted_622022doc.pdf,,,none,,pending,
school_committee,2022-04-28,https://resources.finalsite.net/images/v1741690016/marbleheadschoolsorg/kx377l0lcjrr7l4cuaas/4282022_Minutes_Voted_622022doc.pdf,,,none,,pending,
school_committee,2022-04-07,https://resources.finalsite.net/images/v1741690017/marbleheadschoolsorg/w8fnuvrotbodvwz1ljcu/202247_SC_Minutes_w_Budget_Votedoc.pdf,,,none,,pending,
school_committee,2022-03-31,https://resources.finalsite.net/images/v1741690018/marbleheadschoolsorg/s9ozn2onzph0ulmyzsfx/2022331_Minutes_Voted_5192022docx.pdf,,,none,,pending,
school_committee,2022-03-28,https://resources.finalsite.net/images/v1741690019/marbleheadschoolsorg/utl1dlxeg0scbnrzwiyd/2022328_Minutes_Voted-6232022doc.pdf,,,none,,pending,
school_committee,2022-03-17,https://resources.finalsite.net/images/v1741690020/marbleheadschoolsorg/usncivvywooqw4tdumez/2022317_Minutes-Voted_5192022.pdf,,,none,,pending,
school_committee,2022-02-17,https://resources.finalsite.net/images/v1741690021/marbleheadschoolsorg/o8ssi0zs9xaipabh5np4/2022217_Minutes_voted_472022docx.pdf,,,none,,pending,
school_committee,2022-03-03,https://resources.finalsite.net/images/v1741690023/marbleheadschoolsorg/og1quq5kicef7i3nc2nk/202233-Voted_5192022.pdf,,,none,,pending,
school_committee,2022-02-03,https://resources.finalsite.net/images/v1741690024/marbleheadschoolsorg/munpwxkqmldbikjao4nu/202223_Minutes-Voted_472022.pdf,,,none,,pending,
school_committee,2022-01-20,https://resources.finalsite.net/images/v1741690025/marbleheadschoolsorg/xdrfnqmuojoypc89to9b/1202022_Minutes_Voted_3172022docx.pdf,,,none,,pending,
school_committee,2022-01-06,https://resources.finalsite.net/images/v1741690026/marbleheadschoolsorg/avqjnsnqhjuzt4r4ty9d/162022_Minutes_Voted_3172022docx.pdf,,,none,,pending,
school_committee,2021-12-16,https://resources.finalsite.net/images/v1741690027/marbleheadschoolsorg/uma3jnhoyoai8t03lqui/12162021_Minutes_Voted_3172022docx.pdf,,,none,,pending,
school_committee,2021-11-18,https://resources.finalsite.net/images/v1741690027/marbleheadschoolsorg/kzunigifqbelsultckfe/11182021_Minutes_Voted_31722docx.pdf,,,none,,pending,
school_committee,2021-10-28,https://resources.finalsite.net/images/v1741690029/marbleheadschoolsorg/aluqpkrhutsvxlojqeku/10282021_Minutes_Voted_332022docx.pdf,,,none,,pending,
school_committee,2021-10-21,https://resources.finalsite.net/images/v1741690030/marbleheadschoolsorg/u3dyjnruxo6nwh03paz8/10212021_Minutes_Voted_3322doc.pdf,,,none,,pending,
school_committee,2021-10-19,https://resources.finalsite.net/images/v1741690031/marbleheadschoolsorg/yajcbpcegiomsd9mtfo5/101921_Minutes_Voted_3322docx.pdf,,,none,,pending,
school_committee,2021-10-07,https://resources.finalsite.net/images/v1741690032/marbleheadschoolsorg/zrtxi5ufzdodmyq2udio/1072021_Minutes_Voted_3322doc.pdf,,,none,,pending,
school_committee,2021-09-23,https://resources.finalsite.net/images/v1741690033/marbleheadschoolsorg/epugbeucmefcuvuzx0be/9232021_Minutes_Voted_2172022doc.pdf,,,none,,pending,
school_committee,2021-09-14,https://resources.finalsite.net/images/v1741690034/marbleheadschoolsorg/oqq2pyjypiviok50qoxw/914_and__915__Wkshp_Minutes_voted_2172022docx.pdf,,,none,,pending,
school_committee,2021-09-02,https://resources.finalsite.net/images/v1741690035/marbleheadschoolsorg/qfwchwf8prhtvvxyyvov/922021_Voted_2172022docx.pdf,,,none,,pending,
school_committee,2021-08-26,https://resources.finalsite.net/images/v1741690036/marbleheadschoolsorg/wtma5nv5aljsu6xnnqe6/MINUTES_COMING_SOONdocx_4.pdf,,,none,,pending,
school_committee,2021-08-24,https://resources.finalsite.net/images/v1741690037/marbleheadschoolsorg/qfu2s9bkhbr59x8eiydu/8242021_Minutes_voted_2172022docx.pdf,,,none,,pending,
school_committee,2021-08-09,https://resources.finalsite.net/images/v1741690038/marbleheadschoolsorg/y4tnieahl3hcnjebj6u4/MINUTES_COMING_SOONdocx_5.pdf,,,none,,pending,
school_committee,2021-08-03,https://resources.finalsite.net/images/v1741690039/marbleheadschoolsorg/blznrl5rc9acinu4dhkf/832021_Retreat_Voted_232022.pdf,,,none,,pending,
school_committee,2021-07-08,https://resources.finalsite.net/images/v1741690040/marbleheadschoolsorg/i0e3ogdqpsrwlkeezd2x/782021-Minutes_Voted_2322.pdf,,,none,,pending,
school_committee,2020-07-08,https://resources.finalsite.net/images/v1741689830/marbleheadschoolsorg/rt627ggeb0ddzm7aoye3/7820Minutes-SFox.pdf,,,none,,pending,
school_committee,2020-07-28,https://resources.finalsite.net/images/v1741689831/marbleheadschoolsorg/z0bhxu9ijuejlywqvf8t/72820SC-Minutes-Final.pdf,,,none,,pending,
school_committee,2020-08-06,https://resources.finalsite.net/images/v1741689831/marbleheadschoolsorg/t0ao62dqixxpqsnsaudc/8620minutes-final.pdf,,,none,,pending,
school_committee,2020-08-10,https://resources.finalsite.net/images/v1741689832/marbleheadschoolsorg/eznjoufkvyiwp9lipket/81021Minutes-SFox.pdf,,,none,,pending,
school_committee,2020-08-14,https://resources.finalsite.net/images/v1741689833/marbleheadschoolsorg/sz6arvlhjzocgv1w8cqq/8142020SCRetreat-Minutes-Final.pdf,,,none,,pending,
school_committee,2020-08-20,https://resources.finalsite.net/images/v1741689834/marbleheadschoolsorg/ywvttq4ba60id0acrfay/82020Minutes.pdf,,,none,,pending,
school_committee,2020-08-28,https://resources.finalsite.net/images/v1741689835/marbleheadschoolsorg/fkixfrm8yglk5hovapih/82820Minutes-MEAVote-Final.pdf,,,none,,pending,
school_committee,2020-09-03,https://resources.finalsite.net/images/v1741689836/marbleheadschoolsorg/qfllctauhubkborlhgq6/932020Minutes-Final.pdf,,,none,,pending,
school_committee,2020-09-10,https://resources.finalsite.net/images/v1741689837/marbleheadschoolsorg/y3ymeuiko0xnghc8vye2/9102020-Minutes-Final.pdf,,,none,,pending,
school_committee,2020-09-17,https://resources.finalsite.net/images/v1741689838/marbleheadschoolsorg/efmnhmvibj3t2u0pm1po/91720minutes-fromSFoxFINAL.pdf,,,none,,pending,
school_committee,2020-09-18,https://resources.finalsite.net/images/v1741689839/marbleheadschoolsorg/duwi6wzenqdwqrh3aacl/PolicySubcommitteeMeeting9_18_2020.pdf,,,none,,pending,
school_committee,2020-10-08,https://resources.finalsite.net/images/v1741689840/marbleheadschoolsorg/kq9q2mys6o1higtnmfs9/BudgetSubComm_MeetingMinutes_10082020.pdf,,,none,,pending,
school_committee,2020-10-09,https://resources.finalsite.net/images/v1741689841/marbleheadschoolsorg/ch1nxxyrifpxf466fgeb/DraftPolicySubcommitteeMeetingMinute10_9_20.pdf,,,none,,pending,
school_committee,2020-11-05,https://resources.finalsite.net/images/v1741689842/marbleheadschoolsorg/kfi6wbfcnpoblxepx9on/1152020-MinutesFinal.pdf,,,none,,pending,
school_committee,2020-11-13,https://resources.finalsite.net/images/v1741689843/marbleheadschoolsorg/uuyja5yf8ieksukvgucb/ADPF4B4tmp.pdf,,,none,,pending,
school_committee,2020-11-16,https://resources.finalsite.net/images/v1741689844/marbleheadschoolsorg/aylosnvmdsfqb2ocsitz/FacilitiesSubCommMeetingMinutes111620.pdf,,,none,,pending,
school_committee,2020-11-17,https://resources.finalsite.net/images/v1741689845/marbleheadschoolsorg/o8ryarnyynvwmdmbwclw/PolicySubcommitteeMeeting11_17_2020.pdf,,,none,,pending,
school_committee,2020-11-19,https://resources.finalsite.net/images/v1741689846/marbleheadschoolsorg/i7folyedncbullkzp9pv/11192020SCMinutes-Final.pdf,,,none,,pending,
school_committee,2020-12-03,https://resources.finalsite.net/images/v1741689847/marbleheadschoolsorg/cvyva3absnz9wuiegev7/1232020-Minutes-Final.pdf,,,none,,pending,
school_committee,2020-12-08,https://resources.finalsite.net/images/v1741689848/marbleheadschoolsorg/dmckfrpez6t3nuk1olte/DraftPolicySubcommitteeMeetingMinute12-8-2020.pdf,,,none,,pending,
school_committee,2020-12-10,https://resources.finalsite.net/images/v1741689849/marbleheadschoolsorg/jwoxypqzgj20ct11wobl/BudgetSubComm_MeetingMinutes_12102020docx.pdf,,,none,,pending,
school_committee,2021-12-12,https://resources.finalsite.net/images/v1741689850/marbleheadschoolsorg/fkgkfpgsuhxdkbgka11z/DraftPolicySubcommitteeMeetingMinute11221.pdf,,,none,,pending,
school_committee,2021-01-14,https://resources.finalsite.net/images/v1741689851/marbleheadschoolsorg/jeidmxw3v05lnvi7jyrt/BudgetSubComm_MeetingMinutes_01142021docx.pdf,,,none,,pending,
school_committee,2021-01-22,https://resources.finalsite.net/images/v1741689852/marbleheadschoolsorg/aqyv0iet1pigonsnmvei/BudgetSub-1222021Minutes.pdf,,,none,,pending,
school_committee,2021-02-04,https://resources.finalsite.net/images/v1741689853/marbleheadschoolsorg/o6n5swfldoxbplc29xgb/242021_Minutes-Voted_31821docx.pdf,,,none,,pending,
school_committee,2021-02-09,https://resources.finalsite.net/images/v1741689854/marbleheadschoolsorg/o3qgzgjz6y6alrkoxkoj/DraftPolicySubcommitteeMeetingMinute2921.pdf,,,none,,pending,
school_committee,2021-02-11,https://resources.finalsite.net/images/v1741689855/marbleheadschoolsorg/rsna6iqfxfawyq6cxaw7/2112021_Minutes-Budget_Workshop_2-Voted_6172021.pdf,,,none,,pending,
school_committee,2021-02-25,https://resources.finalsite.net/images/v1741689856/marbleheadschoolsorg/eduqwiowldgmej1wz03u/CopyofCopyofDraftPolicySubcommitteeMeetingMinute22521.pdf,,,none,,pending,
school_committee,2021-03-04,https://resources.finalsite.net/images/v1741689858/marbleheadschoolsorg/e8fpdn7me3a4wkd9h4bd/342021_SC_Minutes_Voted_832021.pdf,,,none,,pending,
school_committee,2021-03-11,https://resources.finalsite.net/images/v1741689859/marbleheadschoolsorg/dmcslnkoxeaulvlbllhi/3112021_SC_Minutes_Voted_832021.pdf,,,none,,pending,
school_committee,2021-03-18,https://resources.finalsite.net/images/v1741689860/marbleheadschoolsorg/gt1q2ngpkc8j6tjabpuu/3182021_SC_Minutes_Voted_832021.pdf,,,none,,pending,
school_committee,2021-03-30,https://resources.finalsite.net/images/v1741689861/marbleheadschoolsorg/mdd3mnmjzdu5yam2530l/3302021_SC_Minutes_Voted_832021.pdf,,,none,,pending,
school_committee,2021-04-01,https://resources.finalsite.net/images/v1741689862/marbleheadschoolsorg/irbbqrt0wsbiyevrscks/412021_Minutes-Voted_1072021docx.pdf,,,none,,pending,
school_committee,2021-04-08,https://resources.finalsite.net/images/v1741689863/marbleheadschoolsorg/ulomyfy90d4ievf5ykrn/482021_Minutes_Voted_1072021doc.pdf,,,none,,pending,
school_committee,2021-04-15,https://resources.finalsite.net/images/v1741689864/marbleheadschoolsorg/dud64pufmvmjskq2rylu/4152021_Minutes-Voted_10282021doc.pdf,,,none,,pending,
school_committee,2021-04-29,https://resources.finalsite.net/images/v1741689865/marbleheadschoolsorg/ks3vwcmrok92aj0twttz/4292021_Minutes_Voted_10282021docx.pdf,,,none,,pending,
school_committee,2021-05-06,https://resources.finalsite.net/images/v1741689867/marbleheadschoolsorg/s2spku5gpwmqctbopbpu/562021_Minutes-Finaldoc.pdf,,,none,,pending,
school_committee,2021-05-13,https://resources.finalsite.net/images/v1741689868/marbleheadschoolsorg/ut92qnsthcdltrscl26n/5132021_Minutes-Finaldoc.pdf,,,none,,pending,
school_committee,2021-05-19,https://resources.finalsite.net/images/v1741689869/marbleheadschoolsorg/fablhksjtfiorlgrbqqv/5192021_Minutes-Finaldoc.pdf,,,none,,pending,
school_committee,2021-05-20,https://resources.finalsite.net/images/v1741689870/marbleheadschoolsorg/hhksqz4xucuusxq3s0wv/5202021_Minutes-Finaldoc.pdf,,,none,,pending,
school_committee,2021-06-03,https://resources.finalsite.net/images/v1741689871/marbleheadschoolsorg/kq1thytmdqjnaevizg2t/632021_Minutes_Voted_12022docx.pdf,,,none,,pending,
school_committee,2021-06-17,https://resources.finalsite.net/images/v1741689872/marbleheadschoolsorg/bvmb7fyhinfyr4eiv6uc/6172021_Minutes-Voted_2322.pdf,,,none,,pending,
school_committee,2021-06-28,https://resources.finalsite.net/images/v1741689873/marbleheadschoolsorg/rrdsza8eljbaq5pfh7zx/6282021_Minutes-Voted_1202022docx.pdf,,,none,,pending,
school_committee,2020-06-18,https://resources.finalsite.net/images/v1741689481/marbleheadschoolsorg/vmdi0k8it8tx0dv78l4k/61820_sc_minutes-final.pdf,,,none,,pending,
school_committee,2020-06-10,https://resources.finalsite.net/images/v1741689482/marbleheadschoolsorg/exv7xyfw6wte7asprxvg/61020_minutes-final_appd_11520.pdf,,,none,,pending,
school_committee,2020-06-08,https://resources.finalsite.net/images/v1741689483/marbleheadschoolsorg/ipk52ak5gs8ckmn7vj6t/6820_minutes-final_copy.pdf,,,none,,pending,
school_committee,2020-06-04,https://resources.finalsite.net/images/v1741689484/marbleheadschoolsorg/iwonzaa9ajlxc9eeusvv/6420_sc_minutes-final.pdf,,,none,,pending,
school_committee,2020-05-27,https://resources.finalsite.net/images/v1741689485/marbleheadschoolsorg/n8yu2ubvtkefcovsoal0/52720_minutes-appd_9320.pdf,,,none,,pending,
school_committee,2020-05-21,https://resources.finalsite.net/images/v1741689486/marbleheadschoolsorg/istdbjenueflhmuzslot/52120_sc_minutes-appd_9320.pdf,,,none,,pending,
school_committee,2020-05-07,https://resources.finalsite.net/images/v1741689487/marbleheadschoolsorg/h5ggxbalrkwryb7qld8p/572020-minutes-appd_9320.pdf,,,none,,pending,
school_committee,2020-04-16,https://resources.finalsite.net/images/v1741689489/marbleheadschoolsorg/aozbybvudg9gwsyoz256/41620_minutes-apprd_6182020.pdf,,,none,,pending,
school_committee,2020-04-13,https://resources.finalsite.net/images/v1741689490/marbleheadschoolsorg/ze7xjkhdlszusgspwds9/41320_sc_minutes-appd.pdf,,,none,,pending,
school_committee,2020-04-02,https://resources.finalsite.net/images/v1741689491/marbleheadschoolsorg/r7m0bk8s513cxbqmk6si/4220_minutes-appd_6182020.pdf,,,none,,pending,
school_committee,2020-03-27,https://resources.finalsite.net/images/v1741689492/marbleheadschoolsorg/x2hmdceoxw5koozipirc/32720-emergency_sc_minutes-appd_6420.pdf,,,none,,pending,
school_committee,2020-03-24,https://resources.finalsite.net/images/v1741689493/marbleheadschoolsorg/wx5cdrydqvddr2anrgax/32420-minutes-apprd_642020.pdf,,,none,,pending,
school_committee,2020-03-17,https://resources.finalsite.net/images/v1741689494/marbleheadschoolsorg/nviev8c2crobnudzjfn5/3172020-minutes-appd_642020.pdf,,,none,,pending,
school_committee,2020-03-05,https://resources.finalsite.net/images/v1741689495/marbleheadschoolsorg/su80dhadgiyzqmfnwysk/3520-minutes-appd_52120.pdf,,,none,,pending,
school_committee,2020-02-26,https://resources.finalsite.net/images/v1741689496/marbleheadschoolsorg/wvmss3buzejbbqmmvv4w/22620-sc_minutes-_appd_572020.pdf,,,none,,pending,
school_committee,2020-02-12,https://resources.finalsite.net/images/v1741689497/marbleheadschoolsorg/ycarvpikrhccqjphc1mf/21220_sc-budget_workshop-minutes_appd_572020.pdf,,,none,,pending,
school_committee,2020-02-06,https://resources.finalsite.net/images/v1741689498/marbleheadschoolsorg/eqwlqxrqzizgaxx5kaj2/2620_sc_minutes-appd_41620.pdf,,,none,,pending,
school_committee,2020-01-23,https://resources.finalsite.net/images/v1741689499/marbleheadschoolsorg/igts6elqfxsksgjm9zix/12320-sc-minutes-appd-32420_0.pdf,,,none,,pending,
school_committee,2020-01-09,https://resources.finalsite.net/images/v1741689501/marbleheadschoolsorg/rpr9v6qiskq1wzmkd6aj/1920-sc_minutes-appd_2262020.pdf,,,none,,pending,
school_committee,2019-12-19,https://resources.finalsite.net/images/v1741689502/marbleheadschoolsorg/vloh9kkpfqwzqxhfgncg/121919_minutes-pdf.pdf,,,none,,pending,
school_committee,2019-11-21,https://resources.finalsite.net/images/v1741689503/marbleheadschoolsorg/wlvrs3h7hkpjkufsltxa/sc-112119_-minutes-appd_12320.pdf,,,none,,pending,
school_committee,2019-11-07,https://resources.finalsite.net/images/v1741689504/marbleheadschoolsorg/kxvgjmwmwl4ocyh20ybp/11719_sc_minutes-appd_121219.pdf,,,none,,pending,
school_committee,2019-10-22,https://resources.finalsite.net/images/v1741689505/marbleheadschoolsorg/l17t7vziq4h6twsydnho/102219_sc_minutes-appd_121219.pdf,,,none,,pending,
school_committee,2019-10-03,https://resources.finalsite.net/images/v1741689506/marbleheadschoolsorg/sxjjn1kzvijxwwtwi4c5/10319_minutes-approved_11719.pdf,,,none,,pending,
school_committee,2019-09-19,https://resources.finalsite.net/images/v1741689507/marbleheadschoolsorg/jiajdmnbxicjoctkcxnv/sc_91919_minutes-approved_112119.pdf,,,none,,pending,
school_committee,2019-09-13,https://resources.finalsite.net/images/v1741689508/marbleheadschoolsorg/apaqxwi3y82zbut1rz0c/91319_sc_minutes-approved_11719.pdf,,,none,,pending,
school_committee,2019-09-10,https://resources.finalsite.net/images/v1741689509/marbleheadschoolsorg/hjcdj1xbdbc4bhygjbcf/91019_sc_minutes-approved_102219.pdf,,,none,,pending,
school_committee,2019-09-05,https://resources.finalsite.net/images/v1741689511/marbleheadschoolsorg/ptf5ovcechfshkcgd6mc/9519_sc_minutes-approved_102219.pdf,,,none,,pending,
school_committee,2019-08-15,https://resources.finalsite.net/images/v1741689512/marbleheadschoolsorg/rmr4ogywzj08uvprqbqg/81519_sc_minutes-approved_102219.pdf,,,none,,pending,
school_committee,2019-02-28,https://resources.finalsite.net/images/v1741689562/marbleheadschoolsorg/evddjzsrelx66a4t7cfx/2_28_2019_sc_mtg_minutes_final_and_approved.pdf,,,none,,pending,
school_committee,2019-02-25,https://resources.finalsite.net/images/v1741689563/marbleheadschoolsorg/zrpb1jhsgnabgjqfgypf/2_25_2019_sc_mtg_minutes_final_and_approved.pdf,,,none,,pending,
school_committee,2019-01-29,https://resources.finalsite.net/images/v1741689567/marbleheadschoolsorg/stjmlekngking6mbvneq/1_29_2019_sc_mtg_minutes_final_and_approved.pdf,,,none,,pending,
school_committee,2019-01-24,https://resources.finalsite.net/images/v1741689568/marbleheadschoolsorg/zhns1cye5waywmksendw/1_24_2019_sc_mtg_minutes_final_and_approved.pdf,,,none,,pending,
school_committee,2019-01-16,https://resources.finalsite.net/images/v1741689569/marbleheadschoolsorg/jcv5ueentw8gqmfzojug/1_16_2019_sc_mtg_minutes_7pm_final_and_approved.pdf,,,none,,pending,
school_committee,2018-12-13,https://resources.finalsite.net/images/v1741689570/marbleheadschoolsorg/dbrzcridvqqnzpxgsxuv/1_10_2019_sc_7pm_mtg_minutes_final_and_approved.pdf,,,none,,pending,
school_committee,2018-11-15,https://resources.finalsite.net/images/v1741689573/marbleheadschoolsorg/bep7zsopcd26y9xohbdv/11_15_2018_mtg_minutes_final_and_approved.pdf,,,none,,pending,
school_committee,2018-10-04,https://resources.finalsite.net/images/v1741689576/marbleheadschoolsorg/nqamtuyqmigugnsnt9it/october_4_2018_sc_mtg_minutes_final_and_approved.pdf,,,none,,pending,
school_committee,2018-09-20,https://resources.finalsite.net/images/v1741689577/marbleheadschoolsorg/rfixqikktobmfsonjbrg/9_20_2018_sc_mtg_minutes_final_and_approved.pdf,,,none,,pending,
school_committee,2018-09-06,https://resources.finalsite.net/images/v1741689578/marbleheadschoolsorg/mvptse6zizizvbznxeki/gesbc_and_sc_joint_mtg_minutes_9_6_2018.pdf,,,none,,pending,
school_committee,2018-08-23,https://resources.finalsite.net/images/v1741689580/marbleheadschoolsorg/sidhmyb7vosav2t0esly/gesbc_and_sc_joint_mtg_minutes_8_23_2018.pdf,,,none,,pending,
school_committee,2018-08-01,https://resources.finalsite.net/images/v1741689581/marbleheadschoolsorg/ik19q3ecdpc6pnopbzaq/8_1_18_sc_retreat_mtg_minutes_final_and_approved.pdf,,,none,,pending,
